{
    "semua":[
         {
            "foto": "images/table/1.jpeg",
            "nama": "Table Flower 01",
            "size": "1 Buah",
            "harga": "1.000.000",
            "link": "#"
        },
        {
            "foto": "images/table/2.jpeg",
            "nama": "Table Flower 02",
            "size": "1 Buah",
            "harga": "650.000",
            "link": "#"
        },
        {
           "foto": "images/table/3.jpeg",
            "nama": "Table Flower 03",
            "size": "1 Buah",
            "harga": "850.000",
            "link": "#"
        },
        {
           "foto": "images/table/5.jpeg",
            "nama": "Table Flower 04",
            "size": "1 Buah",
            "harga": "900.000",
            "link": "#"
        },
        {
           "foto": "images/table/6.jpeg",
            "nama": "Table Flower 05",
            "size": "1 Buah",
            "harga": "800.000",
            "link": "#"
        },
        {
           "foto": "images/table/7.jpeg",
            "nama": "Table Flower 06",
            "size": "1 Buah",
            "harga": "750.000",
            "link": "#"
        },
        {
           "foto": "images/table/8.jpeg",
            "nama": "Table Flower 07",
            "size": "1 Buah",
            "harga": "850.000",
            "link": "#"
        },
        {
           "foto": "images/table/9.jpeg",
            "nama": "Table Flower 08",
            "size": "1 Buah",
            "harga": "750.000",
            "link": "#"
        },
         {
            "foto": "images/wrapping/1.jpeg",
            "nama": "Wrapping Bouquet 01",
            "size": "1 Buah",
            "harga": "800.000",
            "link": "#"
        },
        {
            "foto": "images/wrapping/2.jpeg",
            "nama": "Wrapping Bouquet 02",
            "size": "1 Buah",
            "harga": "150.000",
            "link": "#"
        },
        {
           "foto": "images/wrapping/3.jpeg",
            "nama": "Wrapping Bouquet 03",
            "size": "1 Buah",
            "harga": "2.500.000",
            "link": "#"
        },
        {
           "foto": "images/wrapping/4.jpeg",
            "nama": "Wrapping Bouquet 04",
            "size": "1 Buah",
            "harga": "2.500.000",
            "link": "#"
        },
        {
           "foto": "images/wrapping/5.jpeg",
            "nama": "Wrapping Bouquet 05",
            "size": "1 Buah",
            "harga": "1.500.000",
            "link": "#"
        },
        {
           "foto": "images/wrapping/6.jpeg",
            "nama": "Wrapping Bouquet 06",
            "size": "1 Buah",
            "harga": "1.500.000",
            "link": "#"
        },
        {
           "foto": "images/wrapping/7.jpeg",
            "nama": "Wrapping Bouquet 07",
            "size": "1 Buah",
            "harga": "50.000",
            "link": "#"
        },
        {
           "foto": "images/wrapping/8.jpeg",
            "nama": "Wrapping Bouquet 08",
            "size": "1 Buah",
            "harga": "300.000",
            "link": "#"
        },
        {
           "foto": "images/wrapping/9.jpeg",
            "nama": "Wrapping Bouquet 09",
            "size": "1 Buah",
            "harga": "500.000",
            "link": "#"
        },
        {
           "foto": "images/wrapping/10.jpeg",
            "nama": "Wrapping Bouquet 10",
            "size": "1 Buah",
            "harga": "500.000",
            "link": "#"
        },
        {
           "foto": "images/wrapping/11.jpeg",
            "nama": "Wrapping Bouquet 11",
            "size": "1 Buah",
            "harga": "150.000",
            "link": "#"
        },
        {
           "foto": "images/wrapping/12.jpeg",
            "nama": "Wrapping Bouquet 12",
            "size": "1 Buah",
            "harga": "200.000",
            "link": "#"
        },
        {
           "foto": "images/wrapping/13.jpeg",
            "nama": "Wrapping Bouquet 13",
            "size": "1 Buah",
            "harga": "250.000",
            "link": "#"
        },
        {
           "foto": "images/wrapping/14.jpeg",
            "nama": "Wrapping Bouquet 14",
            "size": "1 Buah",
            "harga": "550.000",
            "link": "#"
        },
        {
           "foto": "images/wrapping/16.jpeg",
            "nama": "Wrapping Bouquet 15",
            "size": "1 Buah",
            "harga": "750.000",
            "link": "#"
        },
        {
           "foto": "images/wrapping/17.jpeg",
            "nama": "Wrapping Bouquet 16",
            "size": "1 Buah",
            "harga": "800.000",
            "link": "#"
        },
        {
           "foto": "images/wrapping/18.jpeg",
            "nama": "Wrapping Bouquet 17",
            "size": "1 Buah",
            "harga": "350.000",
            "link": "#"
        },
        {
           "foto": "images/wrapping/19.jpeg",
            "nama": "Wrapping Bouquet 18",
            "size": "1 Buah",
            "harga": "750.000",
            "link": "#"
        },
        {
           "foto": "images/hamper/1.jpeg",
            "nama": "Hamper Flowers 01",
            "size": "1 Buah",
            "harga": "800.000",
            "link": "#"
        },
        {
           "foto": "images/hamper/2.jpeg",
            "nama": "Hamper Flowers 02",
            "size": "1 Buah",
            "harga": "600.000",
            "link": "#"
        },
        {
           "foto": "images/hamper/3.jpeg",
            "nama": "Hamper Flowers 03",
            "size": "1 Buah",
            "harga": "1.000.000",
            "link": "#"
        },
        {
           "foto": "images/hamper/5.jpeg",
            "nama": "Hamper Flowers 04",
            "size": "1 Buah",
            "harga": "1.100.000",
            "link": "#"
        },
        {
           "foto": "images/hamper/6.jpeg",
            "nama": "Hamper Flowers 05",
            "size": "1 Buah",
            "harga": "700.000",
            "link": "#"
        },
        {
           "foto": "images/hamper/7.jpeg",
            "nama": "Hamper Flowers 06",
            "size": "1 Buah",
            "harga": "500.000",
            "link": "#"
        },
        {
           "foto": "images/hamper/8.jpeg",
            "nama": "Hamper Flowers 07",
            "size": "1 Buah",
            "harga": "1.300.000",
            "link": "#"
        },
        {
           "foto": "images/hamper/9.jpeg",
            "nama": "Hamper Flowers 08",
            "size": "1 Buah",
            "harga": "1.000.000",
            "link": "#"
        },
        {
           "foto": "images/hamper/10.jpeg",
            "nama": "Hamper Flowers 09",
            "size": "1 Buah",
            "harga": "950.000",
            "link": "#"
        },
        {
           "foto": "images/hamper/11.jpeg",
            "nama": "Hamper Flowers 10",
            "size": "1 Buah",
            "harga": "750.000",
            "link": "#"
        },
        {
           "foto": "images/standing//1.jpeg",
            "nama": "Standing Flowers 01",
            "size": "1 Buah",
            "harga": "800.000",
            "link": "#"
        },
        {
           "foto": "images/standing//2.jpeg",
            "nama": "Standing Flowers 02",
            "size": "1 Buah",
            "harga": "600.000",
            "link": "#"
        },
        {
           "foto": "images/standing//3.jpeg",
            "nama": "Standing Flowers 03",
            "size": "1 Buah",
            "harga": "550.000",
            "link": "#"
        },
        {
           "foto": "images/standing//4.jpeg",
            "nama": "Standing Flowers 04",
            "size": "1 Buah",
            "harga": "360.000",
            "link": "#"
        },
        {
           "foto": "images/standing//5.jpeg",
            "nama": "Standing Flowers 05",
            "size": "1 Buah",
            "harga": "400.000",
            "link": "#"
        },
        {
           "foto": "images/standing//6.jpeg",
            "nama": "Standing Flowers 06",
            "size": "1 Buah",
            "harga": "380.000",
            "link": "#"
        },
        {
           "foto": "images/standing//7.jpeg",
            "nama": "Standing Flowers 07",
            "size": "1 Buah",
            "harga": "370.000",
            "link": "#"
        },
        {
           "foto": "images/standing//8.jpeg",
            "nama": "Standing Flowers 08",
            "size": "1 Buah",
            "harga": "850.000",
            "link": "#"
        },
        {
           "foto": "images/standing//9.jpeg",
            "nama": "Standing Flowers 09",
            "size": "1 Buah",
            "harga": "400.000",
            "link": "#"
        },
        {
           "foto": "images/standing//10.jpeg",
            "nama": "Standing Flowers 10",
            "size": "1 Buah",
            "harga": "430.000",
            "link": "#"
        },
        {
           "foto": "images/standing//11.jpeg",
            "nama": "Standing Flowers 11",
            "size": "1 Buah",
            "harga": "600.000",
            "link": "#"
        },
        {
           "foto": "images/board/2.jpeg",
            "nama": "Flower Board 01",
            "size": "1 Buah",
            "harga": "800.000",
            "link": "#"
        },
        {
           "foto": "images/board/3.jpeg",
            "nama": "Flower Board 02",
            "size": "1 Buah",
            "harga": "800.000",
            "link": "#"
        },
        {
           "foto": "images/board/4.jpeg",
            "nama": "Flower Board 03",
            "size": "1 Buah",
            "harga": "750.000",
            "link": "#"
        },
        {
           "foto": "images/board/5.jpeg",
            "nama": "Flower Board 04",
            "size": "1 Buah",
            "harga": "500.000",
            "link": "#"
        },
        {
           "foto": "images/board/6.jpeg",
            "nama": "Flower Board 05",
            "size": "1 Buah",
            "harga": "300.000",
            "link": "#"
        },
        {
           "foto": "images/board/8.jpeg",
            "nama": "Flower Board 06",
            "size": "1 Buah",
            "harga": "300.000",
            "link": "#"
        },
        {
           "foto": "images/board/9.jpeg",
            "nama": "Flower Board 07",
            "size": "1 Buah",
            "harga": "400.000",
            "link": "#"
        },
        {
           "foto": "images/board/10.jpeg",
            "nama": "Flower Board 08",
            "size": "1 Buah",
            "harga": "400.000",
            "link": "#"
        },
        {
           "foto": "images/bouquet/2.jpeg",
            "nama": "Wedding Bouquet 01",
            "size": "1 Buah",
            "harga": "500.000",
            "link": "#"
        },
        {
           "foto": "images/bouquet/3.jpeg",
            "nama": "Wedding Bouquet 02",
            "size": "1 Buah",
            "harga": "700.000",
            "link": "#"
        },
        {
           "foto": "images/bouquet/4.jpeg",
            "nama": "Wedding Bouquet 03",
            "size": "1 Buah",
            "harga": "300.000",
            "link": "#"
        },
        {
           "foto": "images/bouquet/5.jpeg",
            "nama": "Wedding Bouquet 04",
            "size": "1 Buah",
            "harga": "360.000",
            "link": "#"
        },
        {
           "foto": "images/bouquet/7.jpeg",
            "nama": "Wedding Bouquet 05",
            "size": "1 Buah",
            "harga": "380.000",
            "link": "#"
        },
        {
           "foto": "images/bouquet/8.jpeg",
            "nama": "Wedding Bouquet 06",
            "size": "1 Buah",
            "harga": "370.000",
            "link": "#"
        },
        {
           "foto": "images/bouquet/11.jpeg",
            "nama": "Wedding Bouquet 07",
            "size": "1 Buah",
            "harga": "400.000",
            "link": "#"
        },
        {
           "foto": "images/bouquet/12.jpeg",
            "nama": "Wedding Bouquet 08",
            "size": "1 Buah",
            "harga": "450.000",
            "link": "#"
        },
        {
           "foto": "images/bouquet/13.jpeg",
            "nama": "Wedding Bouquet 09",
            "size": "1 Buah",
            "harga": "420.000",
            "link": "#"
        },
        {
           "foto": "images/bouquet/14.jpeg",
            "nama": "Wedding Bouquet 10",
            "size": "1 Buah",
            "harga": "390.000",
            "link": "#"
        },
        {
           "foto": "images/bouquet/15.jpeg",
            "nama": "Wedding Bouquet 11",
            "size": "1 Buah",
            "harga": "490.000",
            "link": "#"
        },
        {
           "foto": "images/artificial/1.jpeg",
            "nama": "Artificial Flower 01",
            "size": "1 Buah",
            "harga": "300.000",
            "link": "#"
        },
        {
           "foto": "images/artificial/2.jpeg",
            "nama": "Artificial Flower 02",
            "size": "1 Buah",
            "harga": "200.000",
            "link": "#"
        },
        {
           "foto": "images/artificial/3.jpeg",
            "nama": "Artificial Flower 03",
            "size": "1 Buah",
            "harga": "300.000",
            "link": "#"
        },
        {
           "foto": "images/artificial/4.jpeg",
            "nama": "Artificial Flower 04",
            "size": "1 Buah",
            "harga": "200.000",
            "link": "#"
        },
        {
           "foto": "images/artificial/5.jpeg",
            "nama": "Artificial Flower 05",
            "size": "1 Buah",
            "harga": "190.000",
            "link": "#"
        },
        {
           "foto": "images/artificial/7.jpeg",
            "nama": "Artificial Flower 06",
            "size": "1 Buah",
            "harga": "270.000",
            "link": "#"
        },
        {
           "foto": "images/artificial/9.jpeg",
            "nama": "Artificial Flower 07",
            "size": "1 Buah",
            "harga": "150.000",
            "link": "#"
        },
        {
           "foto": "images/artificial/10.jpeg",
            "nama": "Artificial Flower 09",
            "size": "1 Buah",
            "harga": "210.000",
            "link": "#"
        },
        {
           "foto": "images/artificial/11.jpeg",
            "nama": "Artificial Flower 09",
            "size": "1 Buah",
            "harga": "200.000",
            "link": "#"
        },
        {
           "foto": "images/artificial/12.jpeg",
            "nama": "Artificial Flower 10",
            "size": "1 Buah",
            "harga": "190.000",
            "link": "#"
        },
        {
           "foto": "images/artificial/13.jpeg",
            "nama": "Artificial Flower 11",
            "size": "1 Buah",
            "harga": "100.000",
            "link": "#"
        },
        {
           "foto": "images/artificial/14.jpeg",
            "nama": "Artificial Flower 12",
            "size": "1 Buah",
            "harga": "200.000",
            "link": "#"
        },
        {
           "foto": "images/artificial/15.jpeg",
            "nama": "Artificial Flower 13",
            "size": "1 Buah",
            "harga": "200.000",
            "link": "#"
        },
        {
           "foto": "images/artificial/16.jpeg",
            "nama": "Artificial Flower 14",
            "size": "1 Buah",
            "harga": "140.000",
            "link": "#"
        },
        {
           "foto": "images/artificial/17.jpeg",
            "nama": "Artificial Flower 15",
            "size": "1 Buah",
            "harga": "120.000",
            "link": "#"
        },
        {
           "foto": "images/artificial/18.jpeg",
            "nama": "Artificial Flower 16",
            "size": "1 Buah",
            "harga": "180.000",
            "link": "#"
        },
        {
           "foto": "images/artificial/19.jpeg",
            "nama": "Artificial Flower 17",
            "size": "1 Buah",
            "harga": "240.000",
            "link": "#"
        },
        {
           "foto": "images/artificial/20.jpeg",
            "nama": "Artificial Flower 18",
            "size": "1 Buah",
            "harga": "100.000",
            "link": "#"
        },
        {
           "foto": "images/artificial/21.jpeg",
            "nama": "Artificial Flower 19",
            "size": "1 Buah",
            "harga": "100.000",
            "link": "#"
        }
    ],
    "table": [
        {
            "foto": "images/table/1.jpeg",
            "nama": "Table Flower 01",
            "size": "1 Buah",
            "harga": "1.000.000",
            "link": "#"
        },
        {
            "foto": "images/table/2.jpeg",
            "nama": "Table Flower 02",
            "size": "1 Buah",
            "harga": "650.000",
            "link": "#"
        },
        {
           "foto": "images/table/3.jpeg",
            "nama": "Table Flower 03",
            "size": "1 Buah",
            "harga": "850.000",
            "link": "#"
        },
        {
           "foto": "images/table/5.jpeg",
            "nama": "Table Flower 04",
            "size": "1 Buah",
            "harga": "900.000",
            "link": "#"
        },
        {
           "foto": "images/table/6.jpeg",
            "nama": "Table Flower 05",
            "size": "1 Buah",
            "harga": "800.000",
            "link": "#"
        },
        {
           "foto": "images/table/7.jpeg",
            "nama": "Table Flower 06",
            "size": "1 Buah",
            "harga": "750.000",
            "link": "#"
        },
        {
           "foto": "images/table/8.jpeg",
            "nama": "Table Flower 07",
            "size": "1 Buah",
            "harga": "850.000",
            "link": "#"
        },
        {
           "foto": "images/table/9.jpeg",
            "nama": "Table Flower 08",
            "size": "1 Buah",
            "harga": "750.000",
            "link": "#"
        }
    ],
    "wrapping": [
        {
            "foto": "images/wrapping/1.jpeg",
            "nama": "Wrapping Bouquet 01",
            "size": "1 Buah",
            "harga": "800.000",
            "link": "#"
        },
        {
            "foto": "images/wrapping/2.jpeg",
            "nama": "Wrapping Bouquet 02",
            "size": "1 Buah",
            "harga": "150.000",
            "link": "#"
        },
        {
           "foto": "images/wrapping/3.jpeg",
            "nama": "Wrapping Bouquet 03",
            "size": "1 Buah",
            "harga": "2.500.000",
            "link": "#"
        },
        {
           "foto": "images/wrapping/4.jpeg",
            "nama": "Wrapping Bouquet 04",
            "size": "1 Buah",
            "harga": "2.500.000",
            "link": "#"
        },
        {
           "foto": "images/wrapping/5.jpeg",
            "nama": "Wrapping Bouquet 05",
            "size": "1 Buah",
            "harga": "1.500.000",
            "link": "#"
        },
        {
           "foto": "images/wrapping/6.jpeg",
            "nama": "Wrapping Bouquet 06",
            "size": "1 Buah",
            "harga": "1.500.000",
            "link": "#"
        },
        {
           "foto": "images/wrapping/7.jpeg",
            "nama": "Wrapping Bouquet 07",
            "size": "1 Buah",
            "harga": "50.000",
            "link": "#"
        },
        {
           "foto": "images/wrapping/8.jpeg",
            "nama": "Wrapping Bouquet 08",
            "size": "1 Buah",
            "harga": "300.000",
            "link": "#"
        },
        {
           "foto": "images/wrapping/9.jpeg",
            "nama": "Wrapping Bouquet 09",
            "size": "1 Buah",
            "harga": "500.000",
            "link": "#"
        },
        {
           "foto": "images/wrapping/10.jpeg",
            "nama": "Wrapping Bouquet 10",
            "size": "1 Buah",
            "harga": "500.000",
            "link": "#"
        },
        {
           "foto": "images/wrapping/11.jpeg",
            "nama": "Wrapping Bouquet 11",
            "size": "1 Buah",
            "harga": "150.000",
            "link": "#"
        },
        {
           "foto": "images/wrapping/12.jpeg",
            "nama": "Wrapping Bouquet 12",
            "size": "1 Buah",
            "harga": "200.000",
            "link": "#"
        },
        {
           "foto": "images/wrapping/13.jpeg",
            "nama": "Wrapping Bouquet 13",
            "size": "1 Buah",
            "harga": "250.000",
            "link": "#"
        },
        {
           "foto": "images/wrapping/14.jpeg",
            "nama": "Wrapping Bouquet 14",
            "size": "1 Buah",
            "harga": "550.000",
            "link": "#"
        },
        {
           "foto": "images/wrapping/16.jpeg",
            "nama": "Wrapping Bouquet 15",
            "size": "1 Buah",
            "harga": "750.000",
            "link": "#"
        },
        {
           "foto": "images/wrapping/17.jpeg",
            "nama": "Wrapping Bouquet 16",
            "size": "1 Buah",
            "harga": "800.000",
            "link": "#"
        },
        {
           "foto": "images/wrapping/18.jpeg",
            "nama": "Wrapping Bouquet 17",
            "size": "1 Buah",
            "harga": "350.000",
            "link": "#"
        },
        {
           "foto": "images/wrapping/19.jpeg",
            "nama": "Wrapping Bouquet 18",
            "size": "1 Buah",
            "harga": "750.000",
            "link": "#"
        }
    ],
    "hamper": [
        {
           "foto": "images/hamper/1.jpeg",
            "nama": "Hamper Flowers 01",
            "size": "1 Buah",
            "harga": "800.000",
            "link": "#"
        },
        {
           "foto": "images/hamper/2.jpeg",
            "nama": "Hamper Flowers 02",
            "size": "1 Buah",
            "harga": "600.000",
            "link": "#"
        },
        {
           "foto": "images/hamper/3.jpeg",
            "nama": "Hamper Flowers 03",
            "size": "1 Buah",
            "harga": "1.000.000",
            "link": "#"
        },
        {
           "foto": "images/hamper/5.jpeg",
            "nama": "Hamper Flowers 04",
            "size": "1 Buah",
            "harga": "1.100.000",
            "link": "#"
        },
        {
           "foto": "images/hamper/6.jpeg",
            "nama": "Hamper Flowers 05",
            "size": "1 Buah",
            "harga": "700.000",
            "link": "#"
        },
        {
           "foto": "images/hamper/7.jpeg",
            "nama": "Hamper Flowers 06",
            "size": "1 Buah",
            "harga": "500.000",
            "link": "#"
        },
        {
           "foto": "images/hamper/8.jpeg",
            "nama": "Hamper Flowers 07",
            "size": "1 Buah",
            "harga": "1.300.000",
            "link": "#"
        },
        {
           "foto": "images/hamper/9.jpeg",
            "nama": "Hamper Flowers 08",
            "size": "1 Buah",
            "harga": "1.000.000",
            "link": "#"
        },
        {
           "foto": "images/hamper/10.jpeg",
            "nama": "Hamper Flowers 09",
            "size": "1 Buah",
            "harga": "950.000",
            "link": "#"
        },
        {
           "foto": "images/hamper/11.jpeg",
            "nama": "Hamper Flowers 10",
            "size": "1 Buah",
            "harga": "750.000",
            "link": "#"
        }
    ],
    "standing": [
        {
           "foto": "images/standing//1.jpeg",
            "nama": "Standing Flowers 01",
            "size": "1 Buah",
            "harga": "800.000",
            "link": "#"
        },
        {
           "foto": "images/standing//2.jpeg",
            "nama": "Standing Flowers 02",
            "size": "1 Buah",
            "harga": "600.000",
            "link": "#"
        },
        {
           "foto": "images/standing//3.jpeg",
            "nama": "Standing Flowers 03",
            "size": "1 Buah",
            "harga": "550.000",
            "link": "#"
        },
        {
           "foto": "images/standing//4.jpeg",
            "nama": "Standing Flowers 04",
            "size": "1 Buah",
            "harga": "360.000",
            "link": "#"
        },
        {
           "foto": "images/standing//5.jpeg",
            "nama": "Standing Flowers 05",
            "size": "1 Buah",
            "harga": "400.000",
            "link": "#"
        },
        {
           "foto": "images/standing//6.jpeg",
            "nama": "Standing Flowers 06",
            "size": "1 Buah",
            "harga": "380.000",
            "link": "#"
        },
        {
           "foto": "images/standing//7.jpeg",
            "nama": "Standing Flowers 07",
            "size": "1 Buah",
            "harga": "370.000",
            "link": "#"
        },
        {
           "foto": "images/standing//8.jpeg",
            "nama": "Standing Flowers 08",
            "size": "1 Buah",
            "harga": "850.000",
            "link": "#"
        },
        {
           "foto": "images/standing//9.jpeg",
            "nama": "Standing Flowers 09",
            "size": "1 Buah",
            "harga": "400.000",
            "link": "#"
        },
        {
           "foto": "images/standing//10.jpeg",
            "nama": "Standing Flowers 10",
            "size": "1 Buah",
            "harga": "430.000",
            "link": "#"
        },
        {
           "foto": "images/standing//11.jpeg",
            "nama": "Standing Flowers 11",
            "size": "1 Buah",
            "harga": "600.000",
            "link": "#"
        }
    ],
    "board": [
        {
           "foto": "images/board/2.jpeg",
            "nama": "Flower Board 01",
            "size": "1 Buah",
            "harga": "800.000",
            "link": "#"
        },
        {
           "foto": "images/board/3.jpeg",
            "nama": "Flower Board 02",
            "size": "1 Buah",
            "harga": "800.000",
            "link": "#"
        },
        {
           "foto": "images/board/4.jpeg",
            "nama": "Flower Board 03",
            "size": "1 Buah",
            "harga": "750.000",
            "link": "#"
        },
        {
           "foto": "images/board/5.jpeg",
            "nama": "Flower Board 04",
            "size": "1 Buah",
            "harga": "500.000",
            "link": "#"
        },
        {
           "foto": "images/board/6.jpeg",
            "nama": "Flower Board 05",
            "size": "1 Buah",
            "harga": "300.000",
            "link": "#"
        },
        {
           "foto": "images/board/8.jpeg",
            "nama": "Flower Board 06",
            "size": "1 Buah",
            "harga": "300.000",
            "link": "#"
        },
        {
           "foto": "images/board/9.jpeg",
            "nama": "Flower Board 07",
            "size": "1 Buah",
            "harga": "400.000",
            "link": "#"
        },
        {
           "foto": "images/board/10.jpeg",
            "nama": "Flower Board 08",
            "size": "1 Buah",
            "harga": "400.000",
            "link": "#"
        }
    ],
    "bouquet": [
        {
           "foto": "images/bouquet/2.jpeg",
            "nama": "Wedding Bouquet 01",
            "size": "1 Buah",
            "harga": "500.000",
            "link": "#"
        },
        {
           "foto": "images/bouquet/3.jpeg",
            "nama": "Wedding Bouquet 02",
            "size": "1 Buah",
            "harga": "700.000",
            "link": "#"
        },
        {
           "foto": "images/bouquet/4.jpeg",
            "nama": "Wedding Bouquet 03",
            "size": "1 Buah",
            "harga": "300.000",
            "link": "#"
        },
        {
           "foto": "images/bouquet/5.jpeg",
            "nama": "Wedding Bouquet 04",
            "size": "1 Buah",
            "harga": "360.000",
            "link": "#"
        },
        {
           "foto": "images/bouquet/7.jpeg",
            "nama": "Wedding Bouquet 05",
            "size": "1 Buah",
            "harga": "380.000",
            "link": "#"
        },
        {
           "foto": "images/bouquet/8.jpeg",
            "nama": "Wedding Bouquet 06",
            "size": "1 Buah",
            "harga": "370.000",
            "link": "#"
        },
        {
           "foto": "images/bouquet/11.jpeg",
            "nama": "Wedding Bouquet 07",
            "size": "1 Buah",
            "harga": "400.000",
            "link": "#"
        },
        {
           "foto": "images/bouquet/12.jpeg",
            "nama": "Wedding Bouquet 08",
            "size": "1 Buah",
            "harga": "450.000",
            "link": "#"
        },
        {
           "foto": "images/bouquet/13.jpeg",
            "nama": "Wedding Bouquet 09",
            "size": "1 Buah",
            "harga": "420.000",
            "link": "#"
        },
        {
           "foto": "images/bouquet/14.jpeg",
            "nama": "Wedding Bouquet 10",
            "size": "1 Buah",
            "harga": "390.000",
            "link": "#"
        },
        {
           "foto": "images/bouquet/15.jpeg",
            "nama": "Wedding Bouquet 11",
            "size": "1 Buah",
            "harga": "490.000",
            "link": "#"
        }
       
    ],
    "artificial": [
        {
           "foto": "images/artificial/1.jpeg",
            "nama": "Artificial Flower 01",
            "size": "1 Buah",
            "harga": "300.000",
            "link": "#"
        },
        {
           "foto": "images/artificial/2.jpeg",
            "nama": "Artificial Flower 02",
            "size": "1 Buah",
            "harga": "200.000",
            "link": "#"
        },
        {
           "foto": "images/artificial/3.jpeg",
            "nama": "Artificial Flower 03",
            "size": "1 Buah",
            "harga": "300.000",
            "link": "#"
        },
        {
           "foto": "images/artificial/4.jpeg",
            "nama": "Artificial Flower 04",
            "size": "1 Buah",
            "harga": "200.000",
            "link": "#"
        },
        {
           "foto": "images/artificial/5.jpeg",
            "nama": "Artificial Flower 05",
            "size": "1 Buah",
            "harga": "190.000",
            "link": "#"
        },
        {
           "foto": "images/artificial/7.jpeg",
            "nama": "Artificial Flower 06",
            "size": "1 Buah",
            "harga": "270.000",
            "link": "#"
        },
        {
           "foto": "images/artificial/9.jpeg",
            "nama": "Artificial Flower 07",
            "size": "1 Buah",
            "harga": "150.000",
            "link": "#"
        },
        {
           "foto": "images/artificial/10.jpeg",
            "nama": "Artificial Flower 09",
            "size": "1 Buah",
            "harga": "210.000",
            "link": "#"
        },
        {
           "foto": "images/artificial/11.jpeg",
            "nama": "Artificial Flower 09",
            "size": "1 Buah",
            "harga": "200.000",
            "link": "#"
        },
        {
           "foto": "images/artificial/12.jpeg",
            "nama": "Artificial Flower 10",
            "size": "1 Buah",
            "harga": "190.000",
            "link": "#"
        },
        {
           "foto": "images/artificial/13.jpeg",
            "nama": "Artificial Flower 11",
            "size": "1 Buah",
            "harga": "100.000",
            "link": "#"
        },
        {
           "foto": "images/artificial/14.jpeg",
            "nama": "Artificial Flower 12",
            "size": "1 Buah",
            "harga": "200.000",
            "link": "#"
        },
        {
           "foto": "images/artificial/15.jpeg",
            "nama": "Artificial Flower 13",
            "size": "1 Buah",
            "harga": "200.000",
            "link": "#"
        },
        {
           "foto": "images/artificial/16.jpeg",
            "nama": "Artificial Flower 14",
            "size": "1 Buah",
            "harga": "140.000",
            "link": "#"
        },
        {
           "foto": "images/artificial/17.jpeg",
            "nama": "Artificial Flower 15",
            "size": "1 Buah",
            "harga": "120.000",
            "link": "#"
        },
        {
           "foto": "images/artificial/18.jpeg",
            "nama": "Artificial Flower 16",
            "size": "1 Buah",
            "harga": "180.000",
            "link": "#"
        },
        {
           "foto": "images/artificial/19.jpeg",
            "nama": "Artificial Flower 17",
            "size": "1 Buah",
            "harga": "240.000",
            "link": "#"
        },
        {
           "foto": "images/artificial/20.jpeg",
            "nama": "Artificial Flower 18",
            "size": "1 Buah",
            "harga": "100.000",
            "link": "#"
        },
        {
           "foto": "images/artificial/21.jpeg",
            "nama": "Artificial Flower 19",
            "size": "1 Buah",
            "harga": "100.000",
            "link": "#"
        }
        
    ]
}